Variant,Rosetta Score,"delta-delta-G",Probability,Generation
WT,-534.735631857,0.0 ,0.0,0
I25V,-271.791045957,0.0541002938311,0.0193941845564,118124
G154N,-273.872568701,-2.08152274379,0.0318759262235,118543
E285A,-273.458948629,0.413620071622,0.0192593910812,118565
P184A,-271.619700486,1.83924814288,0.0105455137599,118745
L163W,-271.776001289,-0.156300803058,0.0220572454079,118754
Q143N,-271.713249404,0.0627518851961,0.0192462548781,119112
N178A,-271.381832199,0.331417204636,0.015478274862,119136
G145N,-271.76604516,-0.38421296021,0.0260612757044,119529
L300D,-271.845013797,-0.0789686373546,0.0209178468357,119687
A165T,-271.834076444,0.0109373533382,0.019879135523,119889
H153M,-272.389474656,-0.555398212137,0.0251216028849,119946
G36D,-272.174846773,0.214627882404,0.0185029436441,119981
D213K,-272.451247509,-0.276400735861,0.0219802587067,120000
E243S,-272.907195692,-0.455948182659,0.022292744254,120157
A285Y,-272.082737446,0.824458246037,0.0154927697107,120178
K162E,-273.452717468,-1.36998002247,0.0271959591015,120308
T191K,-272.290508727,1.16220874098,0.01550978975,120384
K213S,-274.302204501,-2.01169577371,0.0267644638866,120446
K156S,-273.780823217,0.521381284221,0.0193547616565,120502
M153P,-274.818626008,-1.03780279131,0.0210543077221,120635
T81D,-272.576956194,2.24166981401,0.0155990095964,120873
E58W,-271.096417186,1.48053900827,0.0071265770693,121469
Y285H,-271.590576771,-0.494159585589,0.0302996300629,121542
M205F,-273.183081094,-1.5925043223,0.0333712224276,121927
G159R,-274.010241697,-0.827160603506,0.0216846126498,121939
A178V,-272.271940243,1.73830145444,0.0146166675493,121973
H108F,-272.830324191,-0.558383947741,0.0232468232713,122270
Q171T,-273.60142158,-0.771097389901,0.0223087979838,122447
Q90K,-274.049500603,-0.44807902304,0.020701254104,122706
A184P,-274.445713052,-0.396212448717,0.0204041262729,122759
E239M,-270.852887217,3.5928258353,0.00339284232483,123304
E135S,-272.492408838,-1.63952162089,0.0519541921296,123343
S56Y,-271.147572387,1.34483645053,0.00790553486664,123346
L105I,-270.566292828,0.581279559251,0.00751925340333,123377
M123E,-270.766420568,-0.200127740212,0.0277830396084,123429
M219F,-271.269803952,-0.503383384042,0.0351079048461,123451
N77E,-271.13605205,0.133751902767,0.0173525474735,123725
H248A,-272.45741074,-1.32135869064,0.0404494290902,123769
D16N,-272.718165225,-0.26075448436,0.0214091834298,123825
N195Y,-271.544923235,1.17324198996,0.0114300209124,124009
E123F,-271.441374205,0.103549029076,0.0184282899277,124011
M59K,-271.620019422,-0.178645216844,0.0228035705555,124192
W58R,-271.945260229,-0.325240807027,0.0240631518641,124448
S32G,-272.490719465,-0.545459235658,0.0244879497134,124769
A1F,-270.602795546,1.8879239195,0.00267693738652,124982
Y289K,-270.657826762,-0.0550312160012,0.022053632434,125092
I157L,-271.71087008,-1.05304331806,0.0510100956875,125177
Y195M,-272.641894147,-0.931024067374,0.0285845434073,125441
N136A,-272.834119524,-0.192225377479,0.0208863011877,125448
A298M,-272.638797535,0.19532198914,0.0191235855842,125651
Q281L,-273.888324864,-1.24952732903,0.0237885350919,125816
S187G,-271.86183159,2.02649327469,0.0119994055198,125820
Q70G,-270.827779142,1.03405244721,0.00645671409731,126074
F1Q,-272.886570077,-2.05879093505,0.0562647007995,126226
E246K,-273.498344357,-0.611774279343,0.0218455239566,126356
D116K,-272.966049646,0.532294711211,0.0185424845572,126405
H176M,-271.620298919,1.34575072654,0.0114695815228,126437
L284V,-272.62025707,-0.999958151005,0.0299452119938,126458
D81F,-275.090171121,-2.46991405141,0.0250376267863,126846
V296E,-273.55975448,1.5304166419,0.0184712133421,127034
L24V,-273.524353155,0.0354013246531,0.0199279862058,127046
M276I,-274.300995786,-0.776642631324,0.0211405112414,127147
S95H,-272.03203182,2.26896396642,0.0128644044438,127308
G70V,-273.821244862,-1.78921304252,0.0285908350368,127548
K90Q,-273.585879641,0.235365220878,0.0195938313892,127564
R61L,-273.864325706,-0.278446064861,0.0204775516545,127633
A110T,-272.972344927,0.891980778935,0.017950222591,127822
D300I,-272.593787264,0.37855766376,0.0183920247602,127891
F271L,-271.972085357,0.621701906733,0.0158253527045,128052
G18K,-272.062009972,-0.0899246150317,0.0208469422803,128204
R256T,-273.423398604,-1.36138863168,0.0273362395731,128226
G20K,-271.485435143,1.93796346085,0.00940112508528,128273
A121S,-271.434197663,0.0512374794926,0.0191859788877,128464
D29V,-271.284885193,0.149312470608,0.0174596543133,128594
T51G,-272.945798475,-1.66091328271,0.0393615982271,128640
M71A,-271.767477667,1.17832080803,0.0128460200668,128962
H199S,-272.053130915,-0.285653247714,0.0231010740755,129031
Q65M,-271.480596292,0.57253462337,0.0138749909527,129227
K126M,-270.799905207,0.680691084694,0.00844259557432,129437
V29K,-271.484002291,-0.684097084481,0.038937492847,129490
L281Y,-271.218274118,0.265728173716,0.0155980185429,129517
H26E,-271.578938098,-0.360663980022,0.0268186785891,129555
H262T,-271.689153069,-0.110214971283,0.0215320808035,129936
A71H,-272.776978537,-1.08782546819,0.0297232214448,130010
S45A,-271.288323648,1.48865488903,0.0086558318239,130073
R21N,-271.450117092,-0.161793444247,0.0229829620787,130538
N106R,-272.419609841,-0.969492748866,0.0317748618916,130606
Q142D,-271.307493612,1.11211622901,0.00993279770011,130753
K191I,-272.022214582,-0.714720970026,0.0310612966869,131400
M210V,-273.72377549,-1.70156090781,0.0285071073591,131655
V178L,-273.669918081,0.0538574091782,0.0199061531815,131708
K20R,-275.456714431,-1.78679634995,0.0215297546268,131744
R293S,-275.307492946,0.149221484721,0.0199516482629,131842
R20T,-276.036203234,-0.728710287809,0.0201811826652,131851
W266N,-275.84516926,0.191033973541,0.0199645584634,131895
P203Y,-272.472432749,3.37273651161,0.0148097852726,131907
I191W,-273.483233214,-1.01080046506,0.0239975293669,132333
N272A,-277.536191209,-4.05295799468,0.0221978586352,132424
S263H,-275.954828432,1.58136277642,0.0198551755371,132547
M109D,-274.410626742,1.54420168985,0.0193343454608,132592
A44D,-271.908557535,2.50206920754,0.0119354260526,132909
V280K,-271.715276767,0.193280768025,0.0178766682226,133079
H95Q,-272.163123,-0.44784623357,0.0248618808594,133510
E282L,-271.254273095,0.908849905023,0.0104228899042,133550
A45M,-270.644758841,0.609514254777,0.00785752100165,133622
K59H,-271.551017052,-0.906258211214,0.048277024648,133637
H245G,-272.44889423,-0.897877177889,0.0299864293751,133873
G237S,-271.952657621,0.496236608581,0.0163656928785,133920
K4V,-273.195669806,-1.24301218452,0.0278718723252,133989
H53V,-272.382807452,0.81286235353,0.0166099586582,134083
Q131A,-271.469545099,0.913262353266,0.0118965751794,134304
N266R,-270.306980906,1.16256419243,0.00223312605483,134373
T94A,-271.638655104,-1.33167419724,0.0743141750708,134430
L148H,-271.553131717,0.0855233868609,0.018818907372,134488
F99A,-273.194991055,-1.6418593382,0.0341497837436,134644
A248V,-272.122305346,1.0726857088,0.0149764697199,134931
D109H,-273.914352788,-1.79204744226,0.0277860907483,135022
Y134T,-274.683713356,-0.769360567241,0.0207632705813,135030
A166N,-272.991414381,1.69229897464,0.0172541304717,135067
M150Y,-272.17135779,0.820056591222,0.0158558142938,135145
T227L,-272.032646354,0.138711436124,0.0188376139188,135230
E297D,-272.792817168,-0.760170814583,0.025267151009,135291
H148Q,-273.533405441,-0.740588273118,0.0223336358954,135385
I276M,-273.117032629,0.4163728119,0.0189580741819,135466
I300V,-273.439369059,-0.322336429461,0.0208697793092,135516
K122R,-275.16521712,-1.72584806103,0.0219124430928,135620
K246E,-274.547147218,0.618069901656,0.0196577875138,135687
N154R,-273.398269871,1.14887734743,0.018435367705,135713
H214M,-276.041804033,-2.64353416211,0.0222637119545,135759
P152S,-273.409226454,2.63257757851,0.017915973345,135799
V53Q,-273.991486561,-0.582260106979,0.0210439509396,135850
N145T,-273.721326076,0.270160485223,0.0195994347494,135877
Q151G,-272.808518253,0.91280782267,0.0175689806035,136156
V242N,-273.52797375,-0.719455496631,0.0222498740667,136287
Y56S,-274.872810201,-1.34483645053,0.0215663831353,136363
D44K,-275.203502271,-0.330692070207,0.0201521632971,136490
A136D,-273.929477524,1.2740247473,0.0190193399978,136800
V167W,-273.397010572,0.532466951773,0.019043281281,136850
H144K,-272.222314693,1.17469587869,0.0151990915069,137021
N64T,-272.447880236,-0.22556554325,0.0215697423006,137067
S243G,-272.220417833,0.22746240355,0.0184931502036,137323
N143E,-272.053435923,0.166981910246,0.0186522212256,137509
G231A,-272.814687453,-0.761251530629,0.0251571425116,137547
F81S,-271.167208923,1.64747853051,0.00733423907392,137576
T64N,-270.941643379,0.225565543251,0.0150645560133,137577
D136M,-271.608021752,-0.666378372355,0.0357702982543,137793
S82L,-271.758017188,-0.14999543608,0.0220015601061,137814
E250Q,-272.071060902,-0.313043714527,0.0234006514327,138000
K116R,-271.212822965,0.858237937321,0.010386140779,138029
N166R,-273.035978438,-1.82315547248,0.0419396920056,138176
H224N,-271.384190478,1.65178795948,0.00906695063554,138217
W167N,-271.052823458,0.33136701985,0.0139610160416,138402
S135T,-271.257524902,-0.204701443661,0.0247722494014,138491
A73D,-271.558530312,-0.301005410516,0.0255418647594,138516
N21R,-271.39743808,0.161092232091,0.0175556869984,138569
S117T,-271.35278452,0.0446535605648,0.0192284511891,138779
L157Q,-271.263929943,0.0888545764735,0.0183842614242,138847
E143N,-271.430911854,-0.166981910246,0.0231529712113,138910
E26G,-271.202054109,0.228857744627,0.0160442220125,139317
G26M,-272.390955884,-1.18890177558,0.0377976657029,139513
T145S,-272.46011196,-0.0691560759974,0.0204313943694,139672
R253G,-272.24447431,0.21563765041,0.0185947790691,139705
Y203R,-272.627018198,-0.382543887488,0.022449977846,139767
Q278M,-272.739727122,-0.112708924383,0.0205452275398,139922
M214E,-272.211825859,0.527901262762,0.0170159398836,140000
Y281A,-272.842798442,-0.630972583047,0.0237988620718,140037
Q250E,-272.529754728,0.313043714527,0.0185348553572,140233
N64M,-272.377139485,0.152615242726,0.0190936029675,140282
L249I,-271.773826403,0.603313081661,0.015103314122,140402
M126H,-270.73607651,1.0377498929,0.00570234103323,140937
E98V,-269.910975982,0.825100528449,0.00135354222346,140998
G253M,-269.720924135,0.190051846793,0.00867201481989,141020
H160T,-270.392342713,-0.671418578227,0.0842090213452,141038
M65D,-270.420020493,-0.0276777792092,0.0212652926837,141064
V115S,-270.711769917,-0.291749424809,0.0332514054229,141283
F173G,-270.767718217,-0.055948299138,0.0218736187477,141720
E38Y,-271.13369617,-0.365977953461,0.0312591014305,142287
N167L,-271.842093177,-0.708397006777,0.033338135146,142330
R116E,-273.915082785,-2.07298960832,0.0311988022152,142333
Q22K,-273.780381621,0.134701164388,0.0197983355545,142381
M253W,-273.163689972,0.616691648325,0.0186625143901,142398
R266N,-274.184690842,-1.02100086968,0.0219610163861,142522
V27D,-272.246972475,1.93771836715,0.0143074055539,142578
L167A,-272.847983335,-0.601010860019,0.0235282231191,142645
S137N,-272.837058344,0.0109249914193,0.019955343811,142859
G245N,-273.454863211,-0.617804867504,0.0219559340888,143007
L282K,-274.266147635,-0.811284424364,0.0212602373248,143034
G51S,-274.479856496,-0.213708860959,0.0201907704593,143037
R106V,-272.228376665,2.25147983137,0.0139824721764,143120
K240M,-273.619579023,-1.39120235773,0.0261949488833,143323
T279S,-273.51404006,0.105538962781,0.0197909362217,143450
Q174N,-273.37354995,0.140490109658,0.0196857901949,143479
L69E,-272.912113011,0.461436939455,0.0186208639326,143727
V25H,-271.563754785,1.34835822608,0.0110715726273,143808
M46A,-272.768491389,-1.20473660471,0.0318915897555,143857
G243N,-273.194443758,-0.425952368182,0.0215665846187,144003
W113Y,-274.974295184,-1.77985142668,0.0224911599965,144089
R159N,-274.693322959,0.280972224914,0.0198424186837,144203
Q37T,-274.589075191,0.104247768126,0.0199292225429,144260
T117Q,-275.227778624,-0.638703433171,0.0203397681204,144286
M276I,-275.644151436,-0.416372811899,0.0201290212517,144377
E190S,-274.092957809,1.55119362732,0.0190877288091,144418
F108Y,-274.300005591,-0.207047782361,0.0202205479413,144530
L227G,-274.114425672,0.185579919319,0.0198058148442,144736
H59R,-272.772723441,1.34170223076,0.0169280349633,144749
P184Q,-271.863196427,0.909527014468,0.0142033912353,144754
I249N,-272.665789291,-0.802592864372,0.0265649724165,144797
V300Y,-272.035958242,0.629831048719,0.0160284360903,144873
K206S,-272.134944317,-0.0989860743667,0.0208715896495,144962
A94N,-270.568179595,1.56676472173,0.00291750353504,145094
H285N,-271.132382064,-0.564202469,0.0409379680726,145345
S49A,-272.159845017,-1.02746295275,0.037554917598,145518
K29A,-271.696831269,0.463013747583,0.0156301903536,145807
K44N,-273.772567087,-2.07573581781,0.0331966591503,145899
E69Q,-273.910969455,-0.138402367639,0.0202098568784,145960
Q69K,-274.242897139,-0.331927684119,0.020400686242,145964
D57H,-272.249791214,1.99310592473,0.0142758399718,146041
V14G,-272.460511039,-0.210719825112,0.0214341840931,146574
T165G,-271.534248922,0.926262117405,0.0122582833871,146672
T129S,-271.316709116,0.217539806066,0.0165853827498,146784
N224H,-272.968497075,-1.65178795948,0.0386129039975,147061
M26Q,-272.792945811,0.175551264239,0.0193156646684,147490
D142T,-273.004743545,-0.211797734322,0.0208315933857,147581
Q168N,-272.653659497,0.351084047965,0.0185722977256,147810
S182A,-274.109951421,-1.45629192325,0.02402650824,147935
T2N,-272.038556939,2.07139448127,0.013056642363,147954
A67H,-273.250139237,-1.21158229763,0.0270672464557,148102
E214V,-274.561662371,-1.31152313453,0.0220574947148,148265
S156I,-274.626843395,-0.0651810231284,0.0200464553359,148278
I105K,-275.378381244,-0.751537849418,0.0203663944808,148282
M114F,-277.592750334,-2.21436908982,0.0202910850139,148335
H41E,-276.68175403,0.910996303573,0.0199472231399,148347
I31M,-271.348351371,5.33340265884,0.00707141123601,148414
R58K,-272.247545933,-0.89919456138,0.0325297070717,148637
H25T,-272.998528644,-0.750982711264,0.0241589244774,148796
Q184G,-272.741847333,0.256681310947,0.0189929509532,148981
G264S,-273.396274466,-0.6544271326,0.0222509445103,149068
S121A,-273.454707667,-0.0584332016647,0.0201339874245,149135
A147K,-274.418357155,-0.963649487992,0.0214060765407,149317
S84D,-272.385692044,2.03266511109,0.0148992958188,149400
Q252P,-274.183796627,-1.79810458271,0.0258605875677,149856
K147G,-275.375443631,-1.19164700372,0.0207565182976,149987
T25G,-275.22675584,0.148687791196,0.0199477612289,149990
R225V,-273.945522891,1.28123294831,0.0190320316908,149993
G14A,-274.629674338,-0.684151446629,0.0206821693045,150305
N247K,-274.248292807,0.381381530503,0.0196826041792,150439
Y130H,-273.350222035,0.898070772227,0.0185723679399,150462
Q15V,-272.853815031,0.496407003964,0.0184570785859,150535
W163E,-273.277061435,-0.423246404223,0.0214285600414,150615
A167G,-272.57142496,0.705636475146,0.0174049219503,150957
K69L,-272.562531848,0.00889311230219,0.0199521829259,151023
E77K,-272.617850036,-0.0553181881323,0.0202922944302,151179
V259L,-271.49248944,1.12536059651,0.0112242700499,151204
M31Q,-274.969321613,-3.47683217358,0.0388053132683,151485
R122T,-274.186154381,0.78316723253,0.0194240257252,151730
M64S,-273.824911414,0.361242966748,0.0195378673475,151801
A99S,-272.999470381,0.825441033087,0.0180953540144,151802
M278T,-272.146786143,0.852684237667,0.0156631398162,151824
N16Q,-271.181765713,0.965020429858,0.00960563495099,152029
W253G,-271.988510713,-0.806744999739,0.0339664205908,152113
G173M,-272.019618345,-0.0311076322216,0.0202940985448,152200
L132E,-270.501624454,1.5179938913,0.00258811140171,152237
T20S,-270.933787627,-0.432163172775,0.0376959826729,152412
Y150E,-273.710996637,-2.77720901041,0.0549303629389,152485
M240W,-272.419665788,1.29133084932,0.0158074351365,152607
E163Y,-271.768359396,0.651306391401,0.0148283977418,152656
K247H,-271.654055216,0.114304180319,0.0185963045149,152938
A281Q,-271.460726442,0.193328773791,0.0172989296429,153011
L69G,-270.802456928,0.658269514092,0.00865376823931,153088
V248M,-270.819333702,-0.016876773318,0.0205166064296,153089
E132L,-272.337327593,-1.5179938913,0.0519903451228,153263
N44M,-274.669281727,-2.33195413377,0.0267273282969,153477
K18V,-273.712261308,0.957020418559,0.0189593246947,153575
I79A,-271.153068221,2.55919308728,0.00610623168101,153647
F88E,-270.958838756,0.194229464691,0.0157010397643,153661
T122E,-271.615915767,-0.657077010985,0.0352888614746,153754
Q281Y,-274.378043954,-2.76212818669,0.0356716413336,153991
Q148T,-272.207463174,2.17058078007,0.0139250877946,154047
E155Y,-270.250972963,1.95649021094,0.000935768817081,154079
S199R,-270.688091116,-0.437118152997,0.0437600959674,154178
I156E,-271.173704144,-0.485613028133,0.0359741503905,154189
T169M,-272.971808802,-1.79810465826,0.0428334508133,154612
M169L,-274.368662582,-1.39685377978,0.0228297883544,154853
T200H,-273.670987499,0.697675082395,0.0191134689592,154975
K77D,-273.411651606,0.259335893544,0.019474589699,155164
H263K,-273.667709477,-0.256057871201,0.0205286016902,155171
D27T,-273.987963639,-0.320254161384,0.0204963771468,155399
L207G,-273.690214913,0.297748725784,0.0195509026271,155457
Q16Y,-274.360821374,-0.670606461473,0.0208706605109,155695
N143L,-274.401381958,-0.0405605839101,0.0200357594942,155800
N249I,-273.565056215,0.836325743576,0.0188922669142,155879
F292K,-272.962397671,0.602658543408,0.0183996815906,156132
N168S,-272.628962287,0.333435384479,0.0185981075023,156273
V15D,-274.374231656,-1.7452693696,0.0244686607859,156293
S145E,-274.582519055,-0.20828739864,0.0201672714297,156303
D77N,-274.886083912,-0.303564856921,0.0201892245442,156355
H71E,-273.287766374,1.59831753774,0.0179757938406,156489
D73L,-273.057165115,0.230601258935,0.0193270979483,156585
K105D,-273.264506362,-0.207341246695,0.020624950473,156620
W202E,-271.276335646,1.98817071613,0.00766919260352,156731
Y155T,-272.938576035,-1.66224038892,0.0395619384221,156791
N174G,-272.558032667,0.380543367696,0.0183284688155,156814
L143M,-272.118258939,0.43977372803,0.0171523520715,156996
I276Y,-272.098848943,0.0194099959128,0.0198357760183,157047
A79K,-273.257031258,-1.15818231489,0.0264530785487,157111
G165E,-272.358032971,0.898998286635,0.0163176800943,157131
S206K,-272.229155291,0.128877679747,0.0191029657652,157149
A29S,-271.67962523,0.549530061702,0.0149958948836,157460
H130Y,-272.775321424,-1.09569619422,0.029870204593,157818
S279A,-273.17233872,-0.397017295618,0.0214676801112,158042
T155S,-272.713133376,0.459205343809,0.018333325746,158045
N2T,-274.671173036,-1.95803966067,0.0242642576686,158121
A128V,-271.819920539,2.85125249731,0.0111544947368,158129
Y108F,-271.615681378,0.204239161115,0.0175519725998,158158
Q1L,-271.529922835,0.0857585432818,0.0187890278849,158232
T110R,-272.252908935,-0.72298610052,0.0287322528173,158240
H200K,-273.003853107,-0.750944171582,0.0241353522401,158264
M173Q,-273.465555463,-0.461702355795,0.0213159826176,158303
S188V,-273.366184461,0.0993710018223,0.0197712451347,158316
A182S,-272.728437914,0.637746546569,0.0179133848458,158606
R59G,-272.851182186,-0.122744271561,0.0205340419662,158775
G25N,-273.488754994,-0.637572808186,0.0219733010182,158835
T148H,-274.970822037,-1.48206704321,0.0217062125882,158956
A80G,-273.687151241,1.28367079578,0.0187518734108,159010
E145M,-273.109224718,0.577926523676,0.0186535430337,159013
A231S,-272.491396287,0.617828430984,0.0174399296361,159176
E296I,-273.728495899,-1.23709961206,0.0244019976839,159187
V98A,-272.447067775,1.28142812369,0.0159258277038,159280
N25R,-272.081509524,0.365558250993,0.0174449406674,159599
A74V,-271.512641917,0.568867607697,0.0140675743168,159612
L259W,-272.295953384,-0.783311467892,0.0294489390217,159620
G59W,-272.225278997,0.0706743874555,0.0194886230986,159637
W59Y,-271.800802792,0.424476205312,0.0162724667311,159874
R203Q,-271.967346152,-0.166543360651,0.021817402712,160160
E198V,-272.805596423,-0.83825027083,0.0260510685901,160196
N223G,-271.649326326,1.15627009676,0.0121741011463,160576
A131M,-271.93032532,-0.280998993791,0.0234529901069,160659
A49N,-272.782167568,-0.851842247638,0.0263670214692,160814
Y16I,-273.037658275,-0.255490707088,0.0209955246414,160847
Y281W,-273.599083626,-0.561425350994,0.0214820653664,160978
K263E,-273.842811738,-0.243728111881,0.0204190392295,161268
Y300T,-274.926132571,-1.08332083361,0.0210145798004,161388
K289L,-275.043654445,-0.117521873911,0.0200567188641,161582
Q26H,-273.190593323,1.85306112184,0.0176560668846,161669
E88T,-273.560054661,-0.36946133759,0.0209066362381,161715
D297K,-273.134031671,0.426022990085,0.0189565580707,161949
T185V,-274.705462974,-1.57143130336,0.0225226041196,162068
V128A,-277.538562554,-2.83309957981,0.0206057236805,162165
A287S,-277.808668954,-0.270106399921,0.0200088792575,162205
V127S,-275.040606213,2.76806274104,0.0195757062176,162211
M239S,-285.449462285,-10.4088560721,0.0204592829886,162251
I103H,-282.202484361,3.24697792403,0.0199996600774,162254
S237T,-272.33882356,9.86366080098,0.0139744762181,162325
E41H,-273.242059571,-0.903236011181,0.0242854973987,162389
E246W,-271.778221106,1.4638384656,0.0122553306381,162473
W240H,-273.955741205,-2.17752009968,0.0322280740314,162478
H103Q,-275.098979224,-1.14323801839,0.0209321219983,162762
H240K,-274.567237283,0.531741941135,0.0196997428529,162777
S260T,-273.528700032,1.03853725012,0.0186948979947,162836
H26M,-275.517646248,-1.98894621543,0.0218348105373,162855
Q90T,-274.837448692,0.680197555612,0.0197256326464,163018
R23K,-273.235249894,1.6021987987,0.0178688961449,163140
I249Q,-274.0742535,-0.839003606913,0.0216120362562,163360
D93N,-274.677363564,-0.603110063608,0.0205471012217,163556
N242D,-275.107669801,-0.430306236991,0.0202300355894,163607
N245M,-275.341411124,-0.233741322937,0.0200889770251,163632
D91E,-275.348217269,-0.0068061445163,0.020002288911,163807
T290I,-275.03650789,0.311709379007,0.0198776709775,163987
M136R,-274.893923886,0.142584003383,0.0199299448931,163997
I125A,-272.203447328,2.69047655862,0.0136261641199,164436
M78N,-273.469919945,-1.26647261724,0.026060323414,164571
W191H,-274.200784376,-0.730864430867,0.0211564244522,164815
G253Y,-274.273211235,-0.0724268594115,0.0200737978502,164853
L61M,-274.106466848,0.166744386743,0.0198224689858,164858
G80K,-270.982732931,3.12373391694,0.00446799672863,164893
S168Q,-271.235840314,-0.253107382742,0.0262968451516,164927
E71N,-272.151969201,-0.916128887134,0.0344134829679,164941
D36F,-272.048625564,0.103343637145,0.0191284755282,165036
Y283F,-272.501444303,-0.452818738486,0.0234590658982,165157
M45D,-272.777380018,-0.275935715355,0.0214172297992,165228
Y59N,-274.524305321,-1.74692530305,0.0238219621831,165781
H57D,-276.522352848,-1.99804752727,0.0206673873104,165893
L271M,-275.196883238,1.32546961063,0.0197149987406,166129
H109S,-273.427213921,1.76966931702,0.0181623344118,166188
R21D,-273.253544652,0.173669268702,0.0195700168205,166302
S20N,-273.052490172,0.201054480102,0.0194013949615,166701
S29V,-273.417619982,-0.365129809959,0.0210324257939,166719
E273M,-271.852128694,1.56549128797,0.0125381583101,166856
V29T,-271.982506549,-0.130377855299,0.0213667949975,166886
V35T,-270.969118204,1.01338834523,0.007698393215,167161
K297D,-271.395141194,-0.426022990084,0.0303837051859,167423
I16S,-271.330026139,0.0651150546091,0.0188679029381,167689
N137M,-272.052920371,-0.722894231855,0.0308832988605,168164
V225S,-272.542110383,-0.489190012181,0.0236701866191,168200
A14G,-271.998497054,0.543613329524,0.0162828296297,168518
K200T,-271.76235627,0.236140784099,0.0175868515312,168633
D21G,-271.702350633,0.0600056368314,0.0192701675677,168733
S99M,-271.602662439,0.0996881939151,0.0187005780435,169017
G151V,-271.630429929,-0.0277674895597,0.0203855888846,169021
D65N,-271.896796383,-0.26636645469,0.0233533294831,169107
R154M,-272.035314408,-0.138518024747,0.0213842350057,169143
A111G,-271.521532392,0.513782016084,0.0145013322875,169300
S231M,-272.272276139,-0.750743746832,0.0290665551263,169388
D45E,-270.845246944,1.42702919519,0.00523395247037,169390
K144H,-272.306480759,-1.46123381565,0.0504079239611,169467
N71M,-272.709390644,-0.402909885057,0.0224016473647,169605
V24A,-272.099291509,0.610099135678,0.0163329496792,169619
T262D,-272.535473748,-0.436182239123,0.0231805460959,170102
G227A,-272.664558984,-0.129085236498,0.0206800007295,170123
T300K,-272.587872604,0.0766863804134,0.0196133375813,170545
Q249H,-271.698321965,0.889550639072,0.0133942190041,170776
A128S,-270.828521563,0.869800401939,0.00732848464098,171090
S112P,-272.892930242,-2.06440867896,0.0562691063051,171275
Y163S,-273.435492506,-0.542562264336,0.0216736514241,171656
E263S,-273.948170843,-0.512678337143,0.0209223986722,171668
M99R,-273.90399161,0.0441792334316,0.0199387352919,171708
Y253L,-274.284237635,-0.380246024925,0.0204522199718,171792
M245Q,-273.887688245,0.396549389484,0.0195313884185,171884
M61H,-273.434616367,0.453071878686,0.0191848930997,172014
S64R,-273.796214565,-0.361598198182,0.0206958450634,172035
H217A,-271.348583636,2.44763092872,0.00778577214179,172324
Y276I,-272.448984728,-1.10040109243,0.0343437044877,172374
S239A,-273.37473729,-0.925752561614,0.0238774454691,172586
V74N,-273.782018679,-0.407281389174,0.0208159887287,172798
M195Y,-272.935188973,0.846829706579,0.017941467171,172862
Q31I,-274.824054055,-1.88886508235,0.023334162095,172983
D105W,-272.683731277,2.14032277772,0.0160567417555,173042
N146T,-272.276268784,0.407462493228,0.017687815043,173421
S164A,-272.986358302,-0.710089518036,0.0238759392083,173438
L73K,-272.187711295,0.798647006869,0.0159818685877,173463
F108E,-274.066283268,-1.87857197316,0.0273820240993,173508
A83G,-273.174220343,0.892062925283,0.0183130411061,173602
H183F,-273.850405205,-0.676184861849,0.0214795862922,173606
E156H,-272.424389418,1.42601578676,0.0156422451575,173726
Q117H,-272.431207112,-0.00681769392475,0.0200421593029,173955
S115K,-272.364328143,0.066878969507,0.0195770854764,173966
M271A,-271.943279125,0.421049017776,0.0167535683764,174522
T142M,-272.362190008,-0.418910883462,0.0236163217845,174619
I290G,-271.284214916,1.07797509221,0.00988934992435,174651
G167K,-272.205689728,-0.921474812321,0.0337019789594,174668
K280T,-271.286891398,0.918798330288,0.0106103348905,174690
R136E,-271.691456419,-0.404565020703,0.027023580788,174826
T200Q,-271.601895691,0.0895607276445,0.0188234297892,174885
S155P,-272.791930225,-1.19003453395,0.0313122533492,175217
E108N,-273.070839799,-0.27890957409,0.0210654820038,175253
N108I,-274.06115418,-0.99031438105,0.0221185199392,175284
A121P,-275.412709033,-1.35155485294,0.0209125247568,175373
D242Q,-274.126920113,1.28578892029,0.0191889102309,175374
T88D,-272.500219993,1.62670011972,0.0157195368652,175393
Q103N,-272.263737522,0.236482471517,0.0185054952768,175574
V151K,-272.405760666,-0.142023144065,0.0209785587062,175662
T37L,-272.304305191,0.101455475119,0.0193331944139,175967
K73Q,-272.498298938,-0.193993747734,0.0212574349523,176387
N124Q,-272.373879784,0.124419154665,0.0192464841342,176393
W105S,-274.143241556,-1.76936177254,0.0258983078811,176625
I108N,-273.152927175,0.990314381051,0.0181694523803,176800
Q102R,-272.483130471,0.669796704345,0.0172741746579,176823
Q173R,-271.791792049,0.691338421899,0.0147406471382,176916
V87G,-272.950804899,-1.15901285,0.0290213636593,176990
Q168M,-273.65332,-0.702515101193,0.0219110453337,177369
N285K,-272.497789651,1.15553034954,0.0162988355634,177451
N159I,-272.795915637,-0.298125986219,0.0215231486358,177518
M131S,-272.132005154,0.663910482741,0.016235850008,177606
E33Q,-271.718383535,0.413621619192,0.0160565067025,177644
L37V,-272.565795223,-0.847411687746,0.0279810650768,178002
H61S,-273.82848472,-1.26268949717,0.0241139626122,178010
H191A,-273.401409832,0.427074888192,0.0191960091193,178019
A177S,-273.195242311,0.206167521075,0.01946832413,178048
A271S,-273.442747116,-0.247504805288,0.0206377726887,178137
D194T,-275.238817757,-1.79607064103,0.0219346607785,178208
E234L,-274.124610921,1.11420683585,0.0192444814826,178316
P153V,-273.031734919,1.09287600215,0.0178285033221,178586
W259R,-272.001074056,1.03066086295,0.0145161229324,178699
H156E,-273.47676561,-1.47569155395,0.0281631241221,178713
N243W,-272.46621427,1.01055133963,0.0164446631237,178735
N266R,-271.399827106,1.06638716379,0.0107836018445,178918
S190A,-271.814119896,-0.414292789483,0.0263554733615,179242
Q73S,-272.341691096,-0.5275711997,0.0250182422121,179356
S109G,-271.052539833,1.28915126268,0.00730433903608,179424
R266W,-272.948085788,-1.89554595491,0.0469152362776,179495
T90A,-273.629763625,-0.681677836861,0.021875605918,179554
N59W,-272.576040986,1.05372263897,0.016718229619,179674
T8S,-272.243737086,0.332303899493,0.0179722836714,179678
A141Q,-271.183351891,1.06038519514,0.00918948183262,179680
K80P,-274.098370941,-2.91501905038,0.046249039686,179794
Q95R,-273.996837478,0.101533463198,0.0198753781172,179901
N222Q,-274.035027809,-0.0381903306389,0.0200485004945,180021
D84E,-274.637784593,-0.60275678416,0.0205689206626,180072
A190V,-273.102530968,1.53525362499,0.0176204810284,180213
T171N,-272.39335191,0.709179058297,0.0169194829313,180364
R110Q,-271.439212876,0.954139034014,0.0115144182361,180910
K79V,-272.992487423,-1.55327454707,0.0356996188584,181126
F36Y,-273.229959325,-0.237471901833,0.0207540060736,181189
R199T,-273.032362042,0.197597282174,0.019398789513,181444
K282A,-272.899559407,0.132802635595,0.0195230472632,181589
N20S,-273.10082556,-0.201266152656,0.0207128930756,181595
Q53T,-272.954785964,0.146039595271,0.0195069108674,181636
I274V,-272.393903509,0.560882455113,0.0173758750643,181888
H249T,-273.212207681,-0.8183041721,0.0237858125499,181906
