Variant,Rosetta,Score,delta-delta-G,Probability,Generation
WT,-525.598115457,0,0,0,0
Q248W,-522.318855827,3.2792596298,1,1,
K61Q,-521.82287595,0.4959798769,1,2,
V245T,-522.338831723,-0.5159557728,1,3,
R62K,-518.441293469,3.8975382545,1,4,
S72M,-513.483916241,4.9573772276,1,5,
D133T,-509.095459597,4.3884566439,1,6,
A40E,-485.824727226,23.2707323709,1,7,
D175H,-483.799803523,2.0249237035,1,9,
V177Q,-477.317979761,6.4818237614,1,10,
Q61F,-475.671931753,1.6460480089,1,11,
A207I,-473.27888661,2.3930451421,1,12,
N93F,-468.811106558,4.4677800522,1,13,
R23D,-466.317984831,2.4931217268,1,14,
P80I,-355.985455976,110.332528856,1,15,
R74T,-356.073144904,-0.0876889281,1,16,
A96T,-316.894903835,39.178241069,1,17,
F93D,-304.711488971,12.1834148637,1,19,
T133E,-303.23779482,1.473694151,1,20,
V145W,-302.84947816,0.3883166598,1,21,
I98F,-274.374359919,28.4751182411,0.9993230757,23,
V35Q,-280.133090336,-5.7587304166,1,26,
Q147R,-280.304247639,-0.171157303,1,27,
V157D,-279.919850326,0.3843973124,0.9999991561,28,
H90E,-277.805452585,2.1143977414,0.9999807374,30,
F98L,-301.341295671,-23.535843086,1,31,
P203G,-298.627364473,2.7139311978,1,32,
T21S,-297.689326874,0.9380375993,1,33,
E65S,-296.628798281,1.0605285925,1,34,
E263H,-296.019965846,0.6088324351,1,36,
F71Q,-289.945117403,6.074848443,0.9999999999,37,
G229S,-284.560570752,5.3845466511,0.9999999746,40,
Q71E,-283.884460495,0.6761102564,0.9999999753,41,
K119G,-282.770471675,1.1139888209,0.9999998973,42,
H20D,-280.060684289,2.7097873857,0.9999978559,43,
Y114T,-275.048306438,5.0123778506,0.9996572144,47,
E90T,-277.357817179,-2.3095107409,1,50,
P243A,-275.445253507,1.9125636718,0.9998022329,52,
A58N,-274.143938408,1.3013150992,0.9993796315,56,
D57A,-272.483661689,1.6602767191,0.9963738728,59,
G156T,-272.222761088,0.2609006008,0.9986638733,60,
R153P,-270.710732664,1.5120284249,0.9796267509,61,
D242E,-268.740905855,1.9698268082,0.8498490523,62,
P300A,-267.746043993,0.9948618623,0.7253086308,65,
R117D,-268.96908833,-1.2230443374,1,68,
R298E,-268.77299335,0.1960949809,0.9679482108,73,
T282A,-268.029763407,0.7432299427,0.8175756276,77,
W145T,-268.77606105,-0.7462976434,1,80,
E71V,-269.141082311,-0.3650212603,1,83,
N87A,-269.322731271,-0.1816489606,1,84,
T145M,-269.070222509,0.2525087617,0.9701088156,89,
M136S,-269.346139724,-0.275917215,1,96,
A87T,-266.559986342,2.786153382,0.2113813083,97,
M151H,-266.880915899,-0.320929557,1,98,
H191N,-266.843402916,0.0375129836,0.9553203186,99,
S95A,-267.12979552,-0.2863926044,1,103,
A300V,-266.847356298,0.2824392226,0.7372443201,125,
D93M,-281.697493774,-14.8501374765,1,130,
F240T,-277.694125915,4.0033678595,0.9999759604,131,
V8S,-275.958656728,1.7354691863,0.9998856141,132,
R159V,-276.529210075,-0.5705533467,1,135,
Y213T,-270.576184184,5.9530258917,0.9703196644,136,
N78H,-269.802670725,0.773513459,0.9653658982,141,
L234I,-268.363665392,1.4390053329,0.8104724579,142,
N16T,-268.556902622,-0.1932372301,1,147,
N253Y,-268.550203855,0.0066987671,0.9984762135,150,
P297I,-266.862735681,1.6874681733,0.3681185723,154,
S136I,-266.416101119,0.4466345621,0.5054097763,155,
S21T,-267.309316924,-0.8932158051,1,158,
P18N,-266.906408811,0.4029081134,0.6784861576,161,
I79N,-275.757326945,-8.8509181338,1,162,
R122I,-275.252915332,0.5044116126,0.9998885809,163,
A189G,-278.138395852,-2.8854805195,1,164,
T53I,-277.37707084,0.7613250113,0.999982081,165,
H263W,-275.982202022,1.3948688183,0.9998979801,169,
T213H,-277.640436926,-1.6582349042,1,170,
R33K,-276.998052037,0.6423848897,0.9999767205,174,
N140Q,-272.361058961,4.6369930752,0.9949913353,175,
K199I,-271.909199516,0.4518594459,0.9971079985,176,
K102F,-271.279589601,0.6296099145,0.9930393604,178,
I207N,-272.882264306,-1.6026747046,1,180,
L204M,-271.01223018,1.8700341252,0.9836128927,181,
Y51H,-268.530483994,2.4817461866,0.8075221725,182,
I234T,-268.890794837,-0.3603108435,1,183,
E242R,-269.336145252,-0.4453504142,1,187,
S65A,-270.22251998,-0.8863747282,1,189,
A22T,-270.229030783,-0.0065108035,1,191,
V159I,-269.517792832,0.7112379513,0.9566901404,199,
N200E,-269.110010742,0.4077820903,0.957172296,200,
N191T,-268.436328727,0.6736820149,0.8820348885,202,
S287A,-268.571767294,-0.1354385676,1,207,
V284L,-267.983781752,0.5879855423,0.8363583934,208,
I199W,-266.954501416,1.0292803358,0.4873976636,210,
S111G,-266.648286951,0.3062144649,0.6719881889,214,
T126N,-266.179694962,0.4685919896,0.4095108476,216,
N207G,-265.884997513,0.2946974489,0.4456273335,221,
D20R,-266.774550514,-0.8895530008,1,226,
M38R,-266.556224782,0.2183257312,0.7237759589,227,
Y253V,-266.862256793,-0.3060320106,1,232,
V300D,-266.985144635,-0.1228878424,1,233,
A65W,-266.733563147,0.2515814884,0.7348085647,234,
S290Y,-266.68362682,0.0499363274,0.9316948017,236,
L155P,-267.088573705,-0.4049468849,1,244,
S1M,-266.177820238,0.9107534671,0.2382362078,252,
T240K,-267.355533183,-1.1777129456,1,264,
Y82R,-350.28893354,-82.9334003573,1,267,
Q64D,-349.332582899,0.9563506413,1,268,
G203R,-348.835191174,0.4973917247,1,269,
G111D,-343.376767753,5.4584234212,1,270,
V198T,-341.6558363,1.7209314532,1,272,
S8D,-339.363637139,2.2921991608,1,273,
G236S,-297.590740836,41.772896303,1,274,
N49E,-286.548751357,11.0419894787,0.9999999965,275,
P112K,-283.661320237,2.8874311198,0.9999999408,276,
A287K,-282.177380034,1.4839402034,0.9999997861,279,
E133K,-272.220175949,9.9572040848,0.9941798478,280,
Q36M,-271.513149598,0.7070263515,0.9940178584,281,
E40N,-269.960778323,1.552371275,0.9569061151,282,
D64K,-270.156482137,-0.1957038147,1,283,
V251T,-267.68634897,2.470133167,0.6092214493,286,
I80W,-286.075712741,-18.3893637711,1,290,
R202Q,-284.168563587,1.9071491546,0.9999999678,291,
L162K,-279.335421486,4.833142101,0.999995294,292,
V253R,-278.872729481,0.4626920052,0.999997209,293,
N228A,-278.366400719,0.5063287613,0.9999950332,294,
L284D,-274.917742002,3.4486587179,0.9996192957,296,
S163D,-274.714760361,0.2029816409,0.9999114969,297,
I136N,-275.08386549,-0.3691051295,1,298,
K287V,-275.651642401,-0.5677769111,1,299,
Y176H,-272.122428735,3.5292136661,0.9937714492,300,
R82A,-273.192629613,-1.0702008777,1,301,
V272M,-270.466323256,2.7263063569,0.9689834511,302,
H247N,-270.781077854,-0.3147545977,1,304,
I122A,-269.903747938,0.877329916,0.9660366485,308,
D154S,-269.82856463,0.0751833075,0.9953928951,309,
E200Y,-270.034692815,-0.2061281847,1,310,
T16V,-270.012969327,0.0217234879,0.9988611295,315,
R38Q,-269.727137694,0.2858316328,0.9826101431,322,
D73G,-268.068451944,1.6586857502,0.7412592122,324,
H56G,-268.088125819,-0.0196738746,1,328,
V55A,-267.910644958,0.1774808605,0.9321633568,332,
N79A,-269.306772316,-1.3961273582,1,337,
S276F,-267.453125496,1.8536468208,0.5623378067,338,
A122K,-267.53332081,-0.0801953144,1,342,
A85S,-267.555255189,-0.021934379,1,345,
M204D,-266.516497692,1.0387574966,0.3285315503,349,
M25A,-266.499331455,0.0171662368,0.9708392775,354,
R242N,-268.089225481,-1.5898940253,1,355,
F61H,-270.858742145,-2.7695166644,1,365,
R249L,-271.302899946,-0.4441578009,1,369,
L91V,-268.492014038,2.8108859082,0.7962463464,375,
K64T,-268.106238064,0.3857759743,0.8923876903,376,
Q38M,-268.603493966,-0.4972559029,1,382,
W65N,-267.679768149,0.9237258175,0.720235627,387,
M1Q,-267.808590341,-0.1288221921,1,393,
R246T,-268.217228197,-0.4086378564,1,394,
A228G,-267.880662002,0.3365661957,0.8805297156,397,
K122L,-268.143349567,-0.2626875653,1,398,
N58A,-269.251928869,-1.1085793018,1,402,
Y200K,-269.218670573,0.0332582955,0.9961722223,407,
V287K,-268.650893662,0.5677769111,0.9143385858,408,
S280E,-269.095219074,-0.4443254112,1,409,
H176Y,-272.047750909,-2.9525318349,1,411,
K240W,-272.622892859,-0.5751419509,1,412,
M272Q,-270.803499597,1.8193932621,0.9800373476,414,
T134S,-269.724989634,1.0785099637,0.9543983513,415,
D117R,-271.298172779,-1.5731831455,1,416,
L266E,-269.963368156,1.3348046227,0.9597650594,417,
D111L,-273.818955737,-3.8555875805,1,418,
N65W,-274.742681554,-0.9237258175,1,419,
T160H,-273.859928372,0.8827531822,0.9993360774,420,
A282S,-273.902154542,-0.0422261695,1,421,
I37W,-270.820152347,3.0820021944,0.9776693507,425,
T191Y,-270.441723359,0.3784289886,0.9891738871,431,
I43T,-267.889902605,2.5518207533,0.6652812875,432,
M145Y,-266.836347953,1.0535546529,0.4410606036,434,
T156D,-267.395069879,-0.5587219266,1,435,
D264M,-267.07317786,0.3218920195,0.7611445763,439,
W240Y,-267.491728397,-0.4185505372,1,440,
K112N,-269.801520473,-2.3097920763,1,444,
N18L,-269.650482537,0.1510379355,0.9893781405,445,
K200Y,-269.683740833,-0.0332582955,1,449,
S235A,-270.578492254,-0.8947514208,1,453,
M93Y,-273.954174975,-3.3756827216,1,455,
F19D,-269.382461222,4.5717137539,0.9061155704,456,
W263K,-271.670745311,-2.2882840891,1,457,
Q1R,-270.80156116,0.8691841508,0.9860955881,458,
D8M,-270.574521845,0.2270393152,0.9938740572,462,
Q140A,-272.422883121,-1.8483612761,1,463,
N242V,-270.682095887,1.7407872336,0.9778425851,465,
G56V,-271.391917253,-0.7098213659,1,466,
M131T,-268.244040142,3.1478771115,0.7429127064,469,
E266F,-268.301961871,-0.0579217298,1,471,
Y145P,-269.226932542,-0.9249706709,1,480,
Q177E,-269.8237741,-0.5968415578,1,482,
W80A,-272.404726433,-2.5809523325,1,484,
E298M,-274.728883081,-2.3241566483,1,487,
L296H,-272.718197105,2.0106859763,0.9969320939,490,
T194D,-271.219591537,1.4986055671,0.9877473778,492,
A82G,-270.426560939,0.7930305986,0.9809767037,494,
E190M,-268.527037873,1.8995230656,0.8195170484,496,
A140S,-268.1570292,0.3700086731,0.900701167,505,
T114D,-267.036058351,1.1209708494,0.4988873495,510,
G207H,-267.052273462,-0.0162151113,1,518,
N108S,-266.972496961,0.079776501,0.9195590451,527,
N59W,-266.219333873,0.7531630883,0.2958446048,528,
K133G,-273.863666544,-7.6443326708,1,542,
W65A,-274.682278214,-0.8186116705,1,543,
T245I,-273.867916456,0.8143617578,0.9993742367,544,
M38H,-269.407221833,4.460694623,0.908408733,547,
H219K,-268.873880383,0.53334145,0.9338873978,549,
D194N,-268.583208682,0.2906717012,0.9457566576,552,
Y191F,-268.569828526,0.0133801565,0.9970274097,560,
S146A,-267.760489463,0.8093390628,0.7568144611,562,
F52E,-267.101990782,0.6584986808,0.6277757978,565,
W199S,-267.49748592,-0.3954951382,1,566,
L111H,-271.050676879,-3.5531909586,1,569,
R203M,-270.996312431,0.0543644476,0.9989505167,571,
K263Q,-270.593550398,0.4027620336,0.9902071124,572,
H38T,-274.266776152,-3.673225754,1,573,
S108G,-273.393023863,0.8737522883,0.9989479768,574,
R77L,-272.896590342,0.4964335213,0.998839294,575,
H61V,-272.934760868,-0.0381705264,1,576,
T64M,-272.588521512,0.346239356,0.9988187271,577,
R1A,-273.142795477,-0.5542739649,1,579,
Y113F,-273.344541377,-0.2017459001,1,582,
W59R,-273.050292941,0.2942484367,0.9993514335,583,
M264Q,-273.468206336,-0.4179133949,1,584,
L224E,-269.297398637,4.1708076984,0.8987220474,586,
V14M,-269.430277498,-0.1328788607,1,587,
A243K,-267.932148547,1.4981289506,0.7197186768,591,
T38E,-267.977757923,-0.0456093756,1,592,
D157S,-266.972722204,1.0050357189,0.4984969952,593,
E227G,-266.860118256,0.112603948,0.8779788124,595,
V61R,-267.45124909,-0.5911308338,1,600,
P155E,-267.353455142,0.0977939478,0.9324469791,605,
H207S,-268.049245459,-0.6957903165,1,607,
N40T,-269.063888646,-1.0146431878,1,609,
H160N,-269.228537294,-0.1646486481,1,612,
K250R,-268.621785653,0.6067516416,0.9077311861,613,
F191V,-269.078522434,-0.4567367807,1,614,
K105D,-269.118142714,-0.0396202801,1,615,
T246G,-268.530222041,0.587920673,0.9015423049,621,
R117S,-268.084098353,0.4461236875,0.8773184343,625,
D284Q,-269.839055668,-1.754957315,1,628,
A171G,-268.845180356,0.9938753117,0.8982733679,630,
N136R,-267.721237918,1.1239424385,0.7028367088,632,
H296A,-268.447829218,-0.7265912997,1,634,
A17R,-267.417209809,1.0306194089,0.6347216323,636,
T90G,-267.054812786,0.3623970228,0.735617587,641,
S123Y,-268.357145796,-1.3023330103,1,643,
K173S,-268.00854598,0.3485998164,0.8910265803,653,
K277W,-267.650198162,0.3583478177,0.8448353261,656,
I188V,-267.728356753,-0.0781585906,1,660,
G228F,-268.17659657,-0.4482398174,1,663,
G227S,-268.916975347,-0.7403787766,1,665,
I245V,-269.179086232,-0.2621108858,1,669,
M190T,-269.486017793,-0.3069315603,1,671,
V94M,-269.2951551,0.1908626929,0.9813016131,678,
K29I,-269.223910258,0.0712448421,0.9920116677,683,
M72S,-274.049841801,-4.8259315437,1,684,
F228G,-273.477725697,0.5721161043,0.9992770882,685,
L291Q,-271.378508771,2.0992169263,0.9881867796,686,
A99Q,-271.344395518,0.0341132531,0.9995301735,688,
L165E,-267.962595258,3.3818002602,0.6722145241,690,
G90A,-269.124714488,-1.1621192301,1,691,
Q161E,-270.00279808,-0.8780835925,1,695,
G82R,-270.54910237,-0.5463042901,1,696,
F50Q,-266.415606402,4.133495968,0.1525288755,698,
I29T,-266.308987436,0.1066189664,0.8090310617,701,
S140R,-268.244104711,-1.9351172747,1,705,
S154Q,-268.569030675,-0.3249259646,1,712,
K289T,-268.453725344,0.1153053311,0.9729809399,715,
D105N,-268.066250536,0.3874748075,0.8878902438,716,
M203L,-268.207634518,-0.1413839819,1,725,
S134T,-269.268831941,-1.0611974228,1,727,
A95R,-268.590900918,0.6779310229,0.8975714831,731,
I53R,-270.214553904,-1.6236529853,1,737,
S173D,-270.386617999,-0.1720640951,1,739,
R95E,-271.149507661,-0.7628896629,1,740,
T198A,-271.543729638,-0.3942219764,1,741,
A296H,-270.817138338,0.7265912997,0.9878148801,742,
Y290L,-272.430623725,-1.6134853866,1,744,
M64H,-272.248327138,0.1822965865,0.9990546964,747,
W81V,-270.875976792,1.3723503467,0.9834295774,749,
S282A,-271.388730197,-0.5127534049,1,750,
G73R,-270.86703405,0.5216961462,0.9908620702,753,
N112W,-269.865097735,1.0019363158,0.9618363317,757,
K287M,-268.357780382,1.5073173529,0.8059600767,758,
G171E,-268.337468057,0.0203123248,0.9943387205,761,
L203S,-268.520300836,-0.1828327796,1,767,
E155I,-268.26002588,0.2602749562,0.9324657237,768,
H78N,-269.048653178,-0.7886272979,1,770,
A282Q,-268.925308423,0.1233447546,0.9819304347,772,
D173Y,-268.882025063,0.0432833604,0.9930743751,773,
D23N,-269.398084002,-0.5160589389,1,774,
F266E,-269.46709735,-0.0690133479,1,775,
E49N,-280.719038383,-11.2519410329,1,777,
R147T,-279.528237815,1.1908005673,0.9999972772,778,
R195Q,-278.817691522,0.7105462938,0.9999959508,779,
F113Q,-271.48336048,7.3343310418,0.9878864851,781,
P252M,-268.185856595,3.2975038844,0.7283990246,783,
K166S,-267.330584418,0.8552721775,0.6423805773,784,
M94I,-267.361074088,-0.0304896703,1,785,
T29Y,-267.261502337,0.0995717516,0.9250279533,786,
Q284R,-268.37342118,-1.1119188433,1,787,
V81F,-268.779273354,-0.4058521742,1,788,
R20A,-269.355600275,-0.5763269205,1,789,
R73Y,-270.896146122,-1.5405458471,1,790,
I159K,-273.34319873,-2.4470526087,1,791,
Q99W,-272.776337682,0.566861048,0.998552713,792,
K219E,-271.365391584,1.4109460978,0.9896786317,794,
I155S,-271.162100401,0.2032911837,0.9969117367,797,
I103H,-269.136175002,2.0259253987,0.8952972098,805,
H296A,-269.862766302,-0.7265912997,1,806,
Y173K,-270.098121779,-0.2353554775,1,807,
L249A,-269.963748252,0.1343735272,0.9930205624,809,
L290R,-268.340160186,1.6235880661,0.7973877843,811,
E278H,-268.552177546,-0.2120173595,1,814,
G119N,-269.018689946,-0.4665124,1,816,
E95S,-268.699389438,0.3193005072,0.9475984271,818,
S227T,-268.394070757,0.3053186812,0.9321622716,819,
P145E,-269.083634498,-0.6895637407,1,820,
V71Y,-271.935627816,-2.8519933185,1,821,
I125A,-268.920951865,3.0146759516,0.8605188263,822,
L18D,-269.333545536,-0.4125936712,1,828,
Q263G,-269.1629047,0.1706408357,0.9807404574,830,
D18F,-267.695328353,1.467576347,0.6618935771,833,
A55N,-267.262382117,0.4329462365,0.7489193988,834,
H64G,-267.106794033,0.1555880842,0.8710127664,847,
W112M,-268.057126585,-0.9503325522,1,850,
N55G,-267.685966914,0.3711596707,0.8457435437,858,
K33H,-266.402995777,1.2829711376,0.2481712385,859,
M8N,-267.673295704,-1.2702999273,1,868,
V191N,-268.344536415,-0.6712407107,1,872,
R59S,-268.586841194,-0.2423047797,1,876,
A90G,-267.326411317,1.2604298768,0.5744551312,886,
Y200Q,-267.401087652,-0.0746763342,1,896,
M112D,-268.111878779,-0.7107911274,1,900,
I297D,-269.732080778,-1.6202019993,1,903,
D114I,-269.196279744,0.5358010347,0.951470202,905,
H88S,-268.187042146,1.0092375979,0.8116190039,911,
M298R,-267.218494048,0.968548098,0.5862850169,913,
F102K,-267.751306512,-0.5328124643,1,915,
A146M,-267.42083817,0.330468342,0.8205233542,918,
E219H,-270.00004065,-2.5792024793,1,920,
R136W,-270.121370796,-0.1213301467,1,922,
Y223F,-270.08636361,0.0350071859,0.9983062082,925,
S45N,-267.323948656,2.7624149543,0.4831190426,931,
K162Q,-270.278764486,-2.9548158298,1,941,
H33E,-271.765933448,-1.4871689622,1,942,
A125Q,-269.081210298,2.6847231499,0.8821317324,943,
D297I,-267.468088419,1.6131218789,0.5836852995,944,
R257A,-266.632075775,0.8360126442,0.4188083695,953,
K243P,-269.291695643,-2.6596198683,1,958,
S117Q,-269.389321081,-0.0976254372,1,959,
P110A,-267.969333046,1.419988035,0.7338144119,961,
N8S,-269.399781441,-1.4304483951,1,962,
T227D,-269.532336482,-0.1325550415,1,964,
L122Q,-269.607894532,-0.0755580493,1,970,
R4S,-269.33716129,0.2707332417,0.9755945392,971,
W99D,-270.206909928,-0.869748638,1,973,
D300W,-269.341112897,0.8657970309,0.9416477954,974,
V245D,-269.638299302,-0.2971864048,1,976,
R17V,-269.144742203,0.4935570986,0.952005036,977,
S95T,-268.787068157,0.3576740462,0.9471921099,980,
Q264H,-268.001653997,0.78541416,0.806621233,987,
M252D,-268.287471011,-0.2858170139,1,992,
F292Y,-268.034632955,0.2528380561,0.9182195957,995,
S59E,-268.184120968,-0.1494880136,1,996,
E59Y,-268.564370691,-0.3802497228,1,997,
Y71K,-265.77701114,2.7873595512,0.0349971939,998,
T147Y,-267.779131061,-2.0021199206,1,999,
E171K,-267.76169205,0.017439011,0.9913822122,1004,
Q117M,-267.326510762,0.4351812876,0.7615164648,1010,
Q113H,-272.155791286,-4.829280524,1,1021,
R298M,-272.583997799,-0.4282065126,1,1023,
H259A,-271.791067698,0.7929301008,0.9951037359,1024,
A1N,-270.214840527,1.5762271713,0.9661973858,1025,
A257I,-267.714106554,2.5007339723,0.6166787515,1028,
W37Y,-268.98735487,-1.273248316,1,1040,
A296Q,-268.997440018,-0.0100851482,1,1042,
N119M,-269.05411626,-0.0566762413,1,1046,
Y255F,-268.968113018,0.0860032418,0.9876688546,1051,
D48N,-269.286403402,-0.3182903837,1,1056,
A110E,-269.644634725,-0.3582313231,1,1057,
T22A,-269.754518339,-0.1098836144,1,1058,
E38A,-269.923228556,-0.1687102163,1,1059,
M14K,-270.165132037,-0.2419034817,1,1061,
R106N,-266.822081276,3.343050761,0.2913976323,1062,
H278Q,-266.050817931,0.7712633447,0.2325994654,1065,
S157E,-266.767566212,-0.7167482808,1,1066,
I297N,-267.18003753,-0.4124713179,1,1072,
K159N,-266.276185565,0.9038519651,0.2733994247,1076,
Q148H,-265.947546688,0.3286388771,0.4336283492,1078,
S244A,-267.049063986,-1.1015172984,1,1085,
Y73M,-266.949749605,0.0993143818,0.8996427097,1089,
V17K,-267.878051631,-0.9283020264,1,1091,
R253H,-267.881073169,-0.0030215377,1,1095,
T34S,-266.600039156,1.2810340132,0.3175796454,1099,
Y93H,-266.963088108,-0.3630489522,1,1102,
L98M,-269.308511318,-2.3454232099,1,1107,
H253P,-270.752870416,-1.4443590983,1,1108,
Q296E,-270.309630082,0.4432403336,0.9859827673,1112,
T74N,-270.750343437,-0.4407133551,1,1114,
N74I,-269.942481775,0.8078616622,0.9689537319,1116,
Q272N,-271.389138047,-1.4466562721,1,1119,
V242K,-270.0484739,1.3406641478,0.9629088005,1120,
Q122I,-271.105205353,-1.0567314532,1,1127,
K242H,-270.410295723,0.6949096297,0.9823004844,1128,
M119L,-269.502651737,0.9076439861,0.9486771658,1133,
D245I,-268.75437983,0.748271907,0.906439905,1136,
E296D,-268.227262161,0.5271176693,0.8787915207,1138,
W300P,-270.829643806,-2.6023816452,1,1147,
I114K,-270.782093392,0.0475504137,0.9988590466,1148,
I74P,-272.370956798,-1.5888634061,1,1151,
K71A,-273.519217208,-1.1482604099,1,1153,
N297D,-274.000406404,-0.4811891956,1,1154,
S88W,-272.51433394,1.4860724641,0.996640019,1155,
W11S,-269.359731318,3.1546026212,0.9070497329,1156,
Q154V,-268.573420942,0.7863103767,0.8854849198,1165,
N124S,-268.074368797,0.4990521452,0.8656371851,1166,
T289K,-268.677186694,-0.6028178971,1,1169,
K14S,-267.072790258,1.6043964351,0.4513488642,1170,
A25I,-266.928639383,0.1441508753,0.857810639,1175,
Q195D,-268.359679221,-1.4310398378,1,1176,
E150T,-267.569403853,0.7902753678,0.7176768792,1177,
S166A,-268.418814989,-0.8494111356,1,1178,
T211I,-265.620937614,2.7978773753,0.0201524303,1180,
N160S,-265.883270261,-0.2623326479,1,1187,
V154Q,-266.669580638,-0.7863103767,1,1200,
M287R,-268.401586188,-1.73200555,1,1204,
T190R,-267.937929472,0.4636567163,0.8554978524,1206,
A244M,-267.613155798,0.3247736743,0.8512427166,1215,
M146L,-267.732392506,-0.1192367082,1,1218,
A235S,-267.041348719,0.6910437862,0.5996477892,1220,
A158S,-267.457180131,-0.4158314117,1,1223,
K173G,-267.118387277,0.3387928542,0.7614390334,1227,
K102S,-267.155517886,-0.0371306087,1,1230,
G228S,-267.942572344,-0.7870544585,1,1238,
G173H,-267.895653586,0.0469187578,0.9801111148,1241,
M73E,-267.46509716,0.430556426,0.7902270516,1243,
E73M,-267.895653586,-0.430556426,1,1245,
Y240H,-267.8379489,0.0577046866,0.9743084256,1246,
G263A,-268.404150201,-0.566201301,1,1247,
E280R,-267.41201284,0.9921373612,0.6395777006,1250,
D69N,-267.523316126,-0.1113032866,1,1255,
W277S,-267.639653376,-0.1163372494,1,1256,
L119E,-269.165454019,-1.5258006436,1,1262,
W88A,-270.771378411,-1.6059243921,1,1263,
D297M,-269.732492314,1.0388860978,0.9556532348,1264,
Q125I,-275.89164572,-6.159153407,1,1270,
S229M,-269.380881142,6.5107645785,0.9051739654,1272,
E273V,-266.574208311,2.8066728307,0.2155687988,1274,
I211G,-266.313152094,0.2610562169,0.6185307611,1286,
Q278S,-266.305408748,0.0077433459,0.9839329946,1287,
F18H,-266.46454506,-0.1591363117,1,1288,
N23R,-268.118127848,-1.6535827882,1,1293,
H18E,-268.837340409,-0.7192125606,1,1299,
F276Q,-268.422124256,0.4152161532,0.9155462183,1304,
A79M,-267.950210234,0.4719140213,0.8552791832,1305,
S102F,-267.07698587,0.8732243641,0.5618080663,1311,
F67Y,-265.505322755,1.5716631154,0.0255605085,1324,
K17P,-267.434284934,-1.9289621792,1,1327,
D163A,-268.480994236,-1.0467093018,1,1335,
A7G,-267.161346674,1.3196475619,0.512763356,1339,
K167L,-266.757543085,0.4038035895,0.6376335555,1341,
M36Q,-267.054328333,-0.2967852481,1,1349,
K289L,-267.112211315,-0.057882982,1,1355,
G64N,-267.717486824,-0.6052755096,1,1364,
M117E,-267.610970721,0.1065161034,0.9429253362,1371,
E18S,-267.462815999,0.1481547215,0.9113892436,1377,
T234I,-267.020270747,0.4425452528,0.6880640993,1379,
K114T,-268.706990287,-1.6867195403,1,1380,
P300S,-267.894524649,0.8124656381,0.7831348524,1381,
S34Q,-266.934242923,0.9602817255,0.494618657,1382,
I257R,-270.191430013,-3.2571870898,1,1383,
I281V,-269.535537098,0.6558929153,0.9597245507,1384,
S14L,-269.689172244,-0.1536351459,1,1385,
Y292F,-269.566732639,0.1224396049,0.9905009649,1387,
D10A,-276.660462136,-7.0937294977,1,1388,
E33D,-274.543166787,2.117295349,0.9994969945,1389,
D252R,-273.572684517,0.9704822707,0.9990628612,1392,
V83A,-271.683260429,1.8894240874,0.9915594385,1393,
G246E,-272.629276359,-0.94601593,1,1394,
D33T,-272.523856413,0.1054199463,0.9995690106,1395,
N78R,-271.27571373,1.2481426828,0.9893560931,1396,
Y123T,-269.588018875,1.6876948549,0.9360278046,1398,
S199R,-269.995603242,-0.407584367,1,1401,
I25E,-270.256860833,-0.2612575908,1,1403,
E110F,-268.729751013,1.5271098197,0.861007727,1404,
D227V,-267.887150659,0.8426003543,0.77717192,1405,
H93F,-267.017330186,0.8698204729,0.5432577577,1406,
Q276K,-268.157992849,-1.1406626632,1,1412,
A249H,-268.273143145,-0.1151502956,1,1414,
D142A,-267.871924886,0.401218259,0.8620484103,1418,
H113F,-270.313564608,-2.4416397223,1,1421,
S295G,-269.325657474,0.987907134,0.9359817713,1425,
K276M,-267.887455219,1.4382022556,0.7133789216,1426,
R78L,-267.979302072,-0.0918468535,1,1427,
M44V,-267.353322243,0.6259798288,0.7046735264,1428,
